text,size
養生,10.71510401
便當,8.715104009
餐飲,8.715104009
沙拉,8.715104009
蔬菜,8.715104009
有機,8.715104009
菠菜,5.357552005
翠綠,5.357552005
蛋糕,5.357552005
點心,5.357552005
豆腐,5.357552005
鳳梨,5.357552005
果汁,5.357552005
涵養,5.357552005
好日子,5.357552005
紅燒,5.357552005
猴頭菇,5.357552005
環保,5.357552005
火鍋,5.357552005
茄子,5.357552005
椒鹽,5.357552005
蓮池,5.357552005
蓮花,5.357552005
綠豆,5.357552005
麻辣,5.357552005
麵包,5.357552005
濃湯,5.357552005
青菜,5.357552005
生菜,5.357552005
生機,5.357552005
水果,5.357552005
松子,5.357552005
酸菜,5.357552005
甜菜,5.357552005
鐵板,5.357552005
鮮果,5.357552005
香菇,5.357552005
香茅,5.357552005
洋芋,5.357552005
椰汁,5.357552005
自助餐,5.357552005
自助式,5.357552005
總匯,5.357552005
